{
  "best_accuracy": 0.8949474737368684,
  "final_train_loss": 0.2180013459324837,
  "final_val_loss": 0.2632726114243269
}